{
  "type": "FeatureCollection",
  "features": [
    {
      "type": "Feature",
      "geometry": {
        "type": "Polygon",
        "coordinates": [
          [
            [
              92.00155153200006,
              24.714858379000077
            ],
            [
              92.00017031100003,
              24.71580890300004
            ],
            [
              91.99851274600007,
              24.716272521000064
            ],
            [
              91.99728396500007,
              24.71668135300007
            ],
            [
              91.99761359200005,
              24.71714301000003
            ],
            [
              91.99657704900005,
              24.71781909400005
            ],
            [
              91.99581862200006,
              24.71741220000007
            ],
            [
              91.99496179800008,
              24.717570774000023
            ],
            [
              91.99433762200005,
              24.71716208600003
            ],
            [
              91.99325701900005,
              24.716759463000074
            ],
            [
              91.99330865300004,
              24.714943638000022
            ],
            [
              91.99445571400008,
              24.714462338000033
            ],
            [
              91.99522336900009,
              24.71376531900006
            ],
            [
              91.99641902000008,
              24.712964483000064
            ],
            [
              91.99741850100008,
              24.711651146000065
            ],
            [
              91.99793666300008,
              24.710466859000064
            ],
            [
              91.99783576300007,
              24.709192702000053
            ],
            [
              91.99747070100005,
              24.708191880000072
            ],
            [
              91.99726790100004,
              24.70726248400007
            ],
            [
              91.99678465700003,
              24.70726891700008
            ],
            [
              91.99570726300004,
              24.70706249500006
            ],
            [
              91.99537493700007,
              24.70642916500003
            ],
            [
              91.99451974900006,
              24.706685827000058
            ],
            [
              91.99460615200007,
              24.70705261200004
            ],
            [
              91.99500729100004,
              24.706949162000058
            ],
            [
              91.99517071700006,
              24.707094162000033
            ],
            [
              91.99491632000007,
              24.70798058500003
            ],
            [
              91.99452064900004,
              24.70842736800006
            ],
            [
              91.99334328000003,
              24.708688308000035
            ],
            [
              91.99333898300006,
              24.708418547000065
            ],
            [
              91.99204992800009,
              24.708411143000035
            ],
            [
              91.99151573500006,
              24.70868057200005
            ],
            [
              91.99149642200007,
              24.708791537000025
            ],
            [
              91.99074034400007,
              24.70937187100003
            ],
            [
              91.98947794300005,
              24.709774952000032
            ],
            [
              91.98818283300005,
              24.709387397000057
            ],
            [
              91.98695193300006,
              24.709238137000057
            ],
            [
              91.98649960800003,
              24.708655433000047
            ],
            [
              91.98540353500005,
              24.709387418000063
            ],
            [
              91.98434365000008,
              24.708591987000034
            ],
            [
              91.98315538900005,
              24.70731992800006
            ],
            [
              91.98224230900007,
              24.70689047600007
            ],
            [
              91.98075375300004,
              24.707002123000052
            ],
            [
              91.98035279400005,
              24.707117797000024
            ],
            [
              91.97955959800004,
              24.70790093200003
            ],
            [
              91.97834470700008,
              24.708763212000065
            ],
            [
              91.97832573600004,
              24.708837050000056
            ],
            [
              91.97758594800007,
              24.709177948000047
            ],
            [
              91.97659929900004,
              24.709190953000075
            ],
            [
              91.97569561700004,
              24.708080653000025
            ],
            [
              91.97493057600008,
              24.706821348000062
            ],
            [
              91.97395073700005,
              24.70598799000004
            ],
            [
              91.97292065000005,
              24.705799177000074
            ],
            [
              91.97179221000005,
              24.705758823000053
            ],
            [
              91.97065145200008,
              24.70621533800005
            ],
            [
              91.96975259900006,
              24.70668706500004
            ],
            [
              91.96901771700004,
              24.707340603000034
            ],
            [
              91.96882909200008,
              24.70815254100006
            ],
            [
              91.96837985700006,
              24.709041487000036
            ],
            [
              91.96772694400005,
              24.70978592800003
            ],
            [
              91.96722875000006,
              24.71012360700007
            ],
            [
              91.96622137400004,
              24.710100022000063
            ],
            [
              91.96514723500007,
              24.709672574000024
            ],
            [
              91.96422697300005,
              24.70878318000007
            ],
            [
              91.96288647200004,
              24.708064851000074
            ],
            [
              91.96150340900004,
              24.707199892000062
            ],
            [
              91.96031108800008,
              24.706939525000053
            ],
            [
              91.95983616300003,
              24.706191456000056
            ],
            [
              91.95928502100008,
              24.70572033600007
            ],
            [
              91.95909428900006,
              24.703827942000032
            ],
            [
              91.95928670100005,
              24.701967337000042
            ],
            [
              91.95952743700008,
              24.700621217000048
            ],
            [
              91.95911812700007,
              24.700203432000023
            ],
            [
              91.95982943600006,
              24.699329486000067
            ],
            [
              91.95993573600003,
              24.69931231000004
            ],
            [
              91.96003939700006,
              24.698590866000075
            ],
            [
              91.95998847600004,
              24.697910844000035
            ],
            [
              91.95962318400007,
              24.697731645000033
            ],
            [
              91.95943248000003,
              24.69712703600004
            ],
            [
              91.95856010200004,
              24.696715296000036
            ],
            [
              91.95943995000005,
              24.696317472000032
            ],
            [
              91.95951300300004,
              24.695838198000047
            ],
            [
              91.95906833400005,
              24.695733623000024
            ],
            [
              91.95917331000004,
              24.694720419000078
            ],
            [
              91.95880918000006,
              24.69461479100005
            ],
            [
              91.95831446800008,
              24.695173157000056
            ],
            [
              91.95791754600003,
              24.695546276000073
            ],
            [
              91.95742657400007,
              24.695055963000073
            ],
            [
              91.95747691200006,
              24.694411412000022
            ],
            [
              91.95840018000007,
              24.69421539600006
            ],
            [
              91.95835013500005,
              24.693590552000046
            ],
            [
              91.95897168100004,
              24.693416867000053
            ],
            [
              91.95892479800006,
              24.69299434900006
            ],
            [
              91.95821869400004,
              24.692911579000054
            ],
            [
              91.95779014400006,
              24.692549232000033
            ],
            [
              91.95824458100003,
              24.691991393000023
            ],
            [
              91.95761384100007,
              24.691576492000024
            ],
            [
              91.95717811300005,
              24.690754311000035
            ],
            [
              91.95680997300008,
              24.690391171000044
            ],
            [
              91.95782899000005,
              24.689881163000052
            ],
            [
              91.95864091800007,
              24.69029369900005
            ],
            [
              91.95951641400006,
              24.690907767000056
            ],
            [
              91.95931279000007,
              24.692051038000045
            ],
            [
              91.95968439600006,
              24.692634889000033
            ],
            [
              91.96104570600005,
              24.69340817500006
            ],
            [
              91.96126659700008,
              24.693368494000026
            ],
            [
              91.96138106000006,
              24.692962265000062
            ],
            [
              91.96025098800004,
              24.691523672000073
            ],
            [
              91.96024379200009,
              24.691063841000073
            ],
            [
              91.96093666300004,
              24.69158830200007
            ],
            [
              91.96166058900008,
              24.69152365000008
            ],
            [
              91.96221513100005,
              24.69221548400003
            ],
            [
              91.96222056900007,
              24.691277168000056
            ],
            [
              91.96166776000007,
              24.690695694000055
            ],
            [
              91.96172124500004,
              24.690253467000048
            ],
            [
              91.96151358100008,
              24.68985144900006
            ],
            [
              91.96144483000006,
              24.68931883500005
            ],
            [
              91.96250926900007,
              24.689139347000037
            ],
            [
              91.96323721500005,
              24.68933219400003
            ],
            [
              91.96338938800005,
              24.690047684000035
            ],
            [
              91.96370060600003,
              24.690632314000027
            ],
            [
              91.96414872100007,
              24.690957595000043
            ],
            [
              91.96469259800006,
              24.69096887300003
            ],
            [
              91.96479768000006,
              24.69091304600005
            ],
            [
              91.96472553200005,
              24.69057222600003
            ],
            [
              91.96417939400004,
              24.689227541000037
            ],
            [
              91.96243886900004,
              24.687811259000057
            ],
            [
              91.96097583600005,
              24.68582443100007
            ],
            [
              91.96177752900007,
              24.68520344800004
            ],
            [
              91.96365160500005,
              24.68600748700004
            ],
            [
              91.96387107600003,
              24.68480726100006
            ],
            [
              91.96265963000008,
              24.68362204300007
            ],
            [
              91.96056948000006,
              24.681207329000074
            ],
            [
              91.96164858700007,
              24.680015825000055
            ],
            [
              91.96303788300008,
              24.68034652600005
            ],
            [
              91.96631078400009,
              24.68209160400005
            ],
            [
              91.96833073400006,
              24.68306810400003
            ],
            [
              91.96917460900005,
              24.682097672000054
            ],
            [
              91.97221352400004,
              24.68109841300003
            ],
            [
              91.97374188900005,
              24.68116554100004
            ],
            [
              91.97439795100007,
              24.68342449900007
            ],
            [
              91.97361281700006,
              24.685091906000025
            ],
            [
              91.97290456900004,
              24.68558089900006
            ],
            [
              91.97200543400004,
              24.686072396000043
            ],
            [
              91.97197075200006,
              24.686901393000028
            ],
            [
              91.97300927800006,
              24.68919893700007
            ],
            [
              91.97498304600003,
              24.690263161000075
            ],
            [
              91.97722735000008,
              24.69032082500007
            ],
            [
              91.97860784000005,
              24.69008459500003
            ],
            [
              91.97971577600003,
              24.69072409300003
            ],
            [
              91.98086647800005,
              24.691745420000075
            ],
            [
              91.98101805900006,
              24.691579054000044
            ],
            [
              91.98171388900005,
              24.690305257000034
            ],
            [
              91.98274099400004,
              24.688852651000047
            ],
            [
              91.98294785500008,
              24.686843986000042
            ],
            [
              91.98436358300006,
              24.68582230900006
            ],
            [
              91.98644805100008,
              24.68483537900005
            ],
            [
              91.98714379200004,
              24.683561561000033
            ],
            [
              91.98871021600007,
              24.683017531000075
            ],
            [
              91.98959545900004,
              24.684662872000047
            ],
            [
              91.99019302300007,
              24.68622480700003
            ],
            [
              91.99030508500005,
              24.687269892000074
            ],
            [
              91.99106445300004,
              24.686998177000078
            ],
            [
              91.99189926600008,
              24.688469742000052
            ],
            [
              91.99192630300007,
              24.690170059000025
            ],
            [
              91.99201007800008,
              24.692436514000065
            ],
            [
              91.99265474500004,
              24.693954202000043
            ],
            [
              91.99169127500005,
              24.693400101000066
            ],
            [
              91.99123761700008,
              24.694888761000072
            ],
            [
              91.99272605400006,
              24.69543589400007
            ],
            [
              91.99160704000008,
              24.697107818000063
            ],
            [
              91.99275832300003,
              24.69755367700003
            ],
            [
              91.99354151500006,
              24.69568670500007
            ],
            [
              91.99451871000008,
              24.694103867000024
            ],
            [
              91.99473510400009,
              24.69270556600003
            ],
            [
              91.99446455800006,
              24.69070324000006
            ],
            [
              91.99552346100006,
              24.691256054000064
            ],
            [
              91.99582972600007,
              24.689507701000025
            ],
            [
              91.99674523000004,
              24.68705353100006
            ],
            [
              91.99817613600004,
              24.686990882000032
            ],
            [
              91.99805661800008,
              24.68847511000007
            ],
            [
              91.99782244400006,
              24.691748750000045
            ],
            [
              91.99894370300007,
              24.693216455000027
            ],
            [
              91.99976681700008,
              24.693946806000042
            ],
            [
              92.00041019100007,
              24.695377258000065
            ],
            [
              92.00193733100008,
              24.695356892000063
            ],
            [
              92.00361251900006,
              24.695639781000068
            ],
            [
              92.00358950100008,
              24.694201063000037
            ],
            [
              92.00357694700006,
              24.693416307000064
            ],
            [
              92.00528098800004,
              24.69252140900005
            ],
            [
              92.00581849700006,
              24.69329914800005
            ],
            [
              92.00680018400004,
              24.69498668800003
            ],
            [
              92.00784675800008,
              24.69435207400005
            ],
            [
              92.00734946200004,
              24.69376445300003
            ],
            [
              92.00775729600008,
              24.692407186000025
            ],
            [
              92.00721558900005,
              24.69136787000008
            ],
            [
              92.00417815900005,
              24.69245502900003
            ],
            [
              92.00387299400006,
              24.691281719000074
            ],
            [
              92.00336788800007,
              24.68954418800007
            ],
            [
              92.00377366500004,
              24.688056138000036
            ],
            [
              92.00486006600005,
              24.687343919000057
            ],
            [
              92.00677095800006,
              24.68744920300003
            ],
            [
              92.00949448600005,
              24.687630797000054
            ],
            [
              92.01063486500004,
              24.68731027800004
            ],
            [
              92.01143565200005,
              24.687190902000054
            ],
            [
              92.01155340400004,
              24.686938955000073
            ],
            [
              92.01141228000006,
              24.685966200000053
            ],
            [
              92.01068158200007,
              24.68540266900004
            ],
            [
              92.00964271500004,
              24.685187253000038
            ],
            [
              92.00855943000005,
              24.685028958000032
            ],
            [
              92.00814244000009,
              24.68560473900004
            ],
            [
              92.00733204400007,
              24.684980895000024
            ],
            [
              92.00701968800007,
              24.684336591000033
            ],
            [
              92.00647732300007,
              24.683474600000068
            ],
            [
              92.00514341200005,
              24.685051541000064
            ],
            [
              92.00486457300008,
              24.684613746000025
            ],
            [
              92.00511661300004,
              24.684320632000038
            ],
            [
              92.00506381200006,
              24.68385222300003
            ],
            [
              92.00488580900009,
              24.683109536000075
            ],
            [
              92.00511524300003,
              24.682347609000033
            ],
            [
              92.00545389300004,
              24.681804984000053
            ],
            [
              92.00527942500008,
              24.681283010000072
            ],
            [
              92.00585094600007,
              24.68113739900008
            ],
            [
              92.00594661300005,
              24.681453463000025
            ],
            [
              92.00672832800007,
              24.682174282000062
            ],
            [
              92.00777275900003,
              24.682325886000058
            ],
            [
              92.00749664100005,
              24.681115401000056
            ],
            [
              92.00696872500004,
              24.68021182600006
            ],
            [
              92.00634087300006,
              24.67966831900003
            ],
            [
              92.00647123200008,
              24.679321639000023
            ],
            [
              92.00709024600008,
              24.67931336500004
            ],
            [
              92.00745613100008,
              24.67952923200005
            ],
            [
              92.00787467300006,
              24.67926148300006
            ],
            [
              92.00807978700004,
              24.67981063900004
            ],
            [
              92.00873209400004,
              24.67999507600007
            ],
            [
              92.00963823500007,
              24.680155454000044
            ],
            [
              92.00959356300007,
              24.680038737000075
            ],
            [
              92.00947327900008,
              24.679129714000055
            ],
            [
              92.00912094200004,
              24.678817088000073
            ],
            [
              92.00840847000006,
              24.678647254000055
            ],
            [
              92.00846178800003,
              24.678205021000053
            ],
            [
              92.00854242700007,
              24.67758305600006
            ],
            [
              92.00779137000006,
              24.676889430000074
            ],
            [
              92.00773745900005,
              24.67635204900006
            ],
            [
              92.00798726700003,
              24.67592098600005
            ],
            [
              92.00820511000006,
              24.67537997100004
            ],
            [
              92.00808550600004,
              24.674512329000038
            ],
            [
              92.00776831500008,
              24.673564544000044
            ],
            [
              92.00743978600008,
              24.672851468000033
            ],
            [
              92.00695344600007,
              24.67171277700004
            ],
            [
              92.00651262700006,
              24.670587273000024
            ],
            [
              92.00583613800006,
              24.67077567800004
            ],
            [
              92.00559843000008,
              24.670075180000026
            ],
            [
              92.00620186000003,
              24.67003952400006
            ],
            [
              92.00606290000007,
              24.669848216000048
            ],
            [
              92.00623810100006,
              24.66947334300005
            ],
            [
              92.00648701900008,
              24.668987104000053
            ],
            [
              92.00606793300005,
              24.66827523300003
            ],
            [
              92.00523960600003,
              24.66841047300005
            ],
            [
              92.00490196700008,
              24.668070044000046
            ],
            [
              92.00426338300008,
              24.666850589000035
            ],
            [
              92.00388409600004,
              24.665793241000074
            ],
            [
              92.00376740100006,
              24.665104921000022
            ],
            [
              92.00368288400006,
              24.664540351000028
            ],
            [
              92.00344608400007,
              24.663895026000034
            ],
            [
              92.00329986300005,
              24.663248492000037
            ],
            [
              92.00316113500008,
              24.66307097400005
            ],
            [
              92.00265966400008,
              24.662870698000063
            ],
            [
              92.00254496100007,
              24.662306529000034
            ],
            [
              92.00267653700007,
              24.66109059100006
            ],
            [
              92.00247865100005,
              24.66004461700004
            ],
            [
              92.00206723100007,
              24.65886351200004
            ],
            [
              92.00179475800007,
              24.657873719000065
            ],
            [
              92.00175400200004,
              24.657211981000046
            ],
            [
              92.00183819000006,
              24.656810730000075
            ],
            [
              92.00181605200004,
              24.656369504000054
            ],
            [
              92.00161994400008,
              24.655433883000057
            ],
            [
              92.00179360100003,
              24.654962452000063
            ],
            [
              92.00165004300004,
              24.654481451000038
            ],
            [
              92.00164278100004,
              24.654026228000077
            ],
            [
              92.00187637700003,
              24.653526404000047
            ],
            [
              92.00118918800007,
              24.65303884700006
            ],
            [
              92.00011437900008,
              24.65285999300005
            ],
            [
              92.00013863200007,
              24.652487135000058
            ],
            [
              92.00075465600008,
              24.652299566000067
            ],
            [
              92.00186704300006,
              24.651995000000056
            ],
            [
              92.00210549600007,
              24.65173961100004
            ],
            [
              92.00249938200005,
              24.650937959000032
            ],
            [
              92.00247570200008,
              24.650400171000058
            ],
            [
              92.00195302800006,
              24.649813840000036
            ],
            [
              92.00138903600003,
              24.64947641400005
            ],
            [
              92.00037529500008,
              24.649338140000054
            ],
            [
              92.00030986000007,
              24.649021667000056
            ],
            [
              92.00048483500007,
              24.64863300500008
            ],
            [
              92.00020390400005,
              24.648057248000043
            ],
            [
              92.00069915500006,
              24.647871286000054
            ],
            [
              92.00062910300005,
              24.647265126000036
            ],
            [
              92.00028911800007,
              24.646772939000073
            ],
            [
              92.00011846700005,
              24.646485462000044
            ],
            [
              91.99973188600006,
              24.645911108000064
            ],
            [
              91.99918476800008,
              24.645683829000063
            ],
            [
              91.99948291200008,
              24.645445304000077
            ],
            [
              91.99934421000006,
              24.64526778000004
            ],
            [
              91.99903398500004,
              24.644747599000027
            ],
            [
              91.99798093100009,
              24.644982364000043
            ],
            [
              91.99773218300004,
              24.64453035100007
            ],
            [
              91.99796490200004,
              24.643975354000077
            ],
            [
              91.99751467200008,
              24.643194875000063
            ],
            [
              91.99790425200007,
              24.64301032800006
            ],
            [
              91.99812884300007,
              24.641944928000044
            ],
            [
              91.99780288000005,
              24.641383559000076
            ],
            [
              91.99857022800006,
              24.64122158400005
            ],
            [
              91.99861353300008,
              24.641096831000027
            ],
            [
              91.99785030200007,
              24.640568871000028
            ],
            [
              91.99652033400008,
              24.640476163000073
            ],
            [
              91.99658395500006,
              24.639730248000035
            ],
            [
              91.99599202900004,
              24.639531145000035
            ],
            [
              91.99584413000008,
              24.638774240000032
            ],
            [
              91.99596966200005,
              24.638124085000072
            ],
            [
              91.99699291600007,
              24.63791732800007
            ],
            [
              91.99742315400005,
              24.637442493000037
            ],
            [
              91.99819399100005,
              24.63750123600005
            ],
            [
              91.99827159700004,
              24.636686146000045
            ],
            [
              91.99769302000004,
              24.636376491000078
            ],
            [
              91.99803181500005,
              24.63584768000004
            ],
            [
              91.99863223200003,
              24.635632733000023
            ],
            [
              91.99903035200003,
              24.635986177000063
            ],
            [
              91.99924165100003,
              24.63598336700005
            ],
            [
              91.99974447900007,
              24.63532819200003
            ],
            [
              92.00015521100005,
              24.63457765800007
            ],
            [
              92.00024767500008,
              24.63374857200006
            ],
            [
              92.00024343400008,
              24.63253444000003
            ],
            [
              91.99985162800004,
              24.63162901100003
            ],
            [
              91.99912215100005,
              24.631321368000044
            ],
            [
              91.99922795900005,
              24.630381723000028
            ],
            [
              91.99909602500009,
              24.629679800000076
            ],
            [
              91.99829614900005,
              24.629690433000064
            ],
            [
              91.99776507600006,
              24.629518122000036
            ],
            [
              91.99766377500004,
              24.62884338400005
            ],
            [
              91.99834027800006,
              24.628668823000055
            ],
            [
              91.99904652300006,
              24.628466269000057
            ],
            [
              91.99895964900008,
              24.62774994800003
            ],
            [
              91.99880867800005,
              24.626799920000053
            ],
            [
              91.99922641500007,
              24.626490819000026
            ],
            [
              91.99912554800005,
              24.62584367200003
            ],
            [
              91.99951749000007,
              24.625810865000062
            ],
            [
              91.99971916900006,
              24.62615312400004
            ],
            [
              92.00092605400005,
              24.626109473000042
            ],
            [
              92.00244986100006,
              24.62606159300003
            ],
            [
              92.00379146700004,
              24.625947137000026
            ],
            [
              92.00486032200007,
              24.625767319000033
            ],
            [
              92.00518330800008,
              24.62519731200007
            ],
            [
              92.00564387500003,
              24.624735849000047
            ],
            [
              92.00613924600003,
              24.624563670000043
            ],
            [
              92.00701145700003,
              24.624358865000033
            ],
            [
              92.00685085000003,
              24.623753915000066
            ],
            [
              92.00743654200005,
              24.62356672900006
            ],
            [
              92.00847364500004,
              24.62329072700004
            ],
            [
              92.00972510600008,
              24.623205019000068
            ],
            [
              92.00991996700003,
              24.623119630000076
            ],
            [
              92.00986608800008,
              24.622582245000046
            ],
            [
              92.00989053300003,
              24.622223182000027
            ],
            [
              92.00989701900005,
              24.621684991000052
            ],
            [
              92.01027296800004,
              24.621597180000037
            ],
            [
              92.01039971100005,
              24.621595486000047
            ],
            [
              92.01051378200003,
              24.62155583300006
            ],
            [
              92.01191003600007,
              24.621362732000023
            ],
            [
              92.01305098200004,
              24.621114893000026
            ],
            [
              92.01336149400004,
              24.620645594000052
            ],
            [
              92.01302304600006,
              24.619370984000057
            ],
            [
              92.01287444800005,
              24.618035690000056
            ],
            [
              92.01303070300008,
              24.617717540000058
            ],
            [
              92.01323143300004,
              24.61770703800005
            ],
            [
              92.01360073000006,
              24.61730963100007
            ],
            [
              92.01366785400006,
              24.61647474700004
            ],
            [
              92.01362140000003,
              24.616137621000064
            ],
            [
              92.01369068000008,
              24.616189387000077
            ],
            [
              92.01373929800008,
              24.61590962400004
            ],
            [
              92.01383599800005,
              24.615246047000028
            ],
            [
              92.01343685200004,
              24.613779652000062
            ],
            [
              92.01318048700006,
              24.612850982000055
            ],
            [
              92.01374187800008,
              24.612720823000075
            ],
            [
              92.01416500500005,
              24.612585084000045
            ],
            [
              92.01456760000008,
              24.612341832000027
            ],
            [
              92.01487827700004,
              24.611965422000026
            ],
            [
              92.01493609300007,
              24.611895375000074
            ],
            [
              92.01492322700005,
              24.611775495000074
            ],
            [
              92.01487300700006,
              24.61130752400004
            ],
            [
              92.01499691800007,
              24.61066811200004
            ],
            [
              92.01528807100004,
              24.610418922000065
            ],
            [
              92.01587430800004,
              24.610165777000077
            ],
            [
              92.01619621700007,
              24.610161463000054
            ],
            [
              92.01656485700005,
              24.610923193000076
            ],
            [
              92.01753307800004,
              24.61070361800006
            ],
            [
              92.02007521900003,
              24.610833029000048
            ],
            [
              92.02134393400007,
              24.60963859900005
            ],
            [
              92.02351627300004,
              24.609020702000066
            ],
            [
              92.02333426800004,
              24.606602964000047
            ],
            [
              92.02283721700007,
              24.604614629000025
            ],
            [
              92.02374766400004,
              24.60339229400006
            ],
            [
              92.02433462700009,
              24.602076190000048
            ],
            [
              92.02498521100006,
              24.600268650000032
            ],
            [
              92.02572152500005,
              24.59934299400004
            ],
            [
              92.02756967800008,
              24.59859859000005
            ],
            [
              92.02859471100004,
              24.59783255700006
            ],
            [
              92.02888969100007,
              24.596160617000066
            ],
            [
              92.02990994900006,
              24.595100294000076
            ],
            [
              92.03118844600004,
              24.59452705800004
            ],
            [
              92.03150344900007,
              24.59409763900004
            ],
            [
              92.03227507600008,
              24.59428243600007
            ],
            [
              92.03230502300005,
              24.594226666000054
            ],
            [
              92.03268871400007,
              24.594241329000056
            ],
            [
              92.03303305100007,
              24.594071108000037
            ],
            [
              92.03309979500006,
              24.593532106000055
            ],
            [
              92.03321023900008,
              24.592895930000054
            ],
            [
              92.03365772900008,
              24.592572543000074
            ],
            [
              92.03441008300007,
              24.592438198000025
            ],
            [
              92.03503535200008,
              24.592843669000047
            ],
            [
              92.03565236600008,
              24.59273874300004
            ],
            [
              92.03623719700005,
              24.592510073000028
            ],
            [
              92.03694383900006,
              24.592348740000034
            ],
            [
              92.03727933000005,
              24.592564958000025
            ],
            [
              92.03710342000005,
              24.592884681000044
            ],
            [
              92.03692862600008,
              24.59327337600007
            ],
            [
              92.03707066400005,
              24.593657782000037
            ],
            [
              92.03741812000004,
              24.59368067300005
            ],
            [
              92.03776691600007,
              24.593786331000047
            ],
            [
              92.03809157000006,
              24.594264846000044
            ],
            [
              92.03837007200008,
              24.594688795000025
            ],
            [
              92.03872088200006,
              24.594918600000028
            ],
            [
              92.03941423500004,
              24.594867814000054
            ],
            [
              92.03945480100003,
              24.59457751800005
            ],
            [
              92.03880771800004,
              24.593758438000066
            ],
            [
              92.03880324700003,
              24.593482550000033
            ],
            [
              92.03946328700005,
              24.593239052000058
            ],
            [
              92.03988259900007,
              24.593040205000023
            ],
            [
              92.04040048500008,
              24.593336729000043
            ],
            [
              92.04089858900005,
              24.593343773000072
            ],
            [
              92.04130012600007,
              24.59297959400004
            ],
            [
              92.04150297400008,
              24.593390766000027
            ],
            [
              92.04183892300006,
              24.593634562000034
            ],
            [
              92.04239737600005,
              24.59364078300007
            ],
            [
              92.04301886600007,
              24.593811714000026
            ],
            [
              92.04320551400008,
              24.594154116000027
            ],
            [
              92.04351263800004,
              24.59448108500004
            ],
            [
              92.04378622700006,
              24.594601546000035
            ],
            [
              92.04419336200004,
              24.594582219000074
            ],
            [
              92.04440010200005,
              24.594303463000074
            ],
            [
              92.04433101100005,
              24.593766302000063
            ],
            [
              92.04436842800004,
              24.593282885000065
            ],
            [
              92.04457427000006,
              24.59294895100004
            ],
            [
              92.04488818600004,
              24.59276532000007
            ],
            [
              92.04526626100005,
              24.592815373000064
            ],
            [
              92.04564904700004,
              24.59315510600004
            ],
            [
              92.04610368100003,
              24.593273103000058
            ],
            [
              92.04634462700005,
              24.593242232000023
            ],
            [
              92.04656555000008,
              24.592908090000037
            ],
            [
              92.04663335800007,
              24.592438057000038
            ],
            [
              92.04690515000004,
              24.59244815900007
            ],
            [
              92.04738187600003,
              24.59206914400005
            ],
            [
              92.04755730800008,
              24.591721824000047
            ],
            [
              92.04750598700008,
              24.59134999200006
            ],
            [
              92.04687912000009,
              24.590848014000073
            ],
            [
              92.04685842300006,
              24.59050336100006
            ],
            [
              92.04670329100009,
              24.590243319000024
            ],
            [
              92.04626554900005,
              24.590235473000064
            ],
            [
              92.04622662800006,
              24.589697904000047
            ],
            [
              92.04597851100004,
              24.589287354000078
            ],
            [
              92.04608053000004,
              24.589065208000022
            ],
            [
              92.04652370900004,
              24.588479693000068
            ],
            [
              92.04660660200005,
              24.58800945400003
            ],
            [
              92.04623869300008,
              24.58765572300007
            ],
            [
              92.04632424300007,
              24.58750355500007
            ],
            [
              92.04664608800005,
              24.587499179000076
            ],
            [
              92.04739227300007,
              24.587194689000057
            ],
            [
              92.04822091000005,
              24.587011715000074
            ],
            [
              92.04910518200006,
              24.586950624000053
            ],
            [
              92.04961716300005,
              24.587090827000054
            ],
            [
              92.05039695000005,
              24.58720285000004
            ],
            [
              92.05090333800007,
              24.586999723000076
            ],
            [
              92.05204501400004,
              24.586272833000066
            ],
            [
              92.05284081700006,
              24.58572235300005
            ],
            [
              92.05356415500006,
              24.585663431000057
            ],
            [
              92.05401369100008,
              24.585264839000047
            ],
            [
              92.05392802900008,
              24.58494713500005
            ],
            [
              92.05430110500004,
              24.584794873000078
            ],
            [
              92.05491515600005,
              24.584614792000025
            ],
            [
              92.05495718500003,
              24.58390288800007
            ],
            [
              92.05548756800005,
              24.583527717000038
            ],
            [
              92.05633377300006,
              24.58278030300005
            ],
            [
              92.05691356000005,
              24.582107520000022
            ],
            [
              92.05695021400004,
              24.582091904000038
            ],
            [
              92.05714913900005,
              24.581788019000044
            ],
            [
              92.05775956400004,
              24.581387219000078
            ],
            [
              92.05828672100006,
              24.580815856000072
            ],
            [
              92.05849124700006,
              24.58019984300006
            ],
            [
              92.05907684600004,
              24.579922022000062
            ],
            [
              92.05944193600004,
              24.580922702000066
            ],
            [
              92.05955284300006,
              24.58128136600004
            ],
            [
              92.05958311600006,
              24.581277901000078
            ],
            [
              92.06011488300004,
              24.582704085000046
            ],
            [
              92.06097438400008,
              24.584409323000045
            ],
            [
              92.06127100500004,
              24.584503375000054
            ],
            [
              92.06202155000005,
              24.584468569000023
            ],
            [
              92.06236991200007,
              24.58463017200006
            ],
            [
              92.06238485200004,
              24.584709012000076
            ],
            [
              92.06278294700007,
              24.585095882000076
            ],
            [
              92.06352758200006,
              24.586336634000077
            ],
            [
              92.06383788200009,
              24.587264464000043
            ],
            [
              92.06415502400006,
              24.588609186000042
            ],
            [
              92.06420437100007,
              24.589982108000072
            ],
            [
              92.06519673500009,
              24.58996849600004
            ],
            [
              92.06650530800005,
              24.58960713700003
            ],
            [
              92.06649991400008,
              24.587644930000067
            ],
            [
              92.06604221000003,
              24.585909687000026
            ],
            [
              92.06574865600004,
              24.584368417000064
            ],
            [
              92.06512563700005,
              24.582365624000033
            ],
            [
              92.06755489000005,
              24.581645484000035
            ],
            [
              92.06820982300007,
              24.582323288000055
            ],
            [
              92.06870949100005,
              24.583346621000032
            ],
            [
              92.07104195100004,
              24.583265496000024
            ],
            [
              92.07329556300004,
              24.583283535000078
            ],
            [
              92.07502933600006,
              24.58288865700007
            ],
            [
              92.07653426200005,
              24.58264715200005
            ],
            [
              92.07691855600007,
              24.582770625000023
            ],
            [
              92.07744182800008,
              24.582781802000056
            ],
            [
              92.07890773300005,
              24.582614398000032
            ],
            [
              92.08035990200005,
              24.58283349100003
            ],
            [
              92.08048788200006,
              24.583273233000057
            ],
            [
              92.08164108400007,
              24.583662011000058
            ],
            [
              92.08370004500006,
              24.584075039000027
            ],
            [
              92.08279152500006,
              24.58509940600004
            ],
            [
              92.08332850500005,
              24.58593820400006
            ],
            [
              92.08464632100004,
              24.585331280000048
            ],
            [
              92.08547968000005,
              24.587171703000024
            ],
            [
              92.08645748300006,
              24.586993149000023
            ],
            [
              92.08601111100006,
              24.585738555000034
            ],
            [
              92.08549991900009,
              24.584028654000065
            ],
            [
              92.08731914000003,
              24.58373363100003
            ],
            [
              92.09019568700006,
              24.584110702000032
            ],
            [
              92.09178900900008,
              24.58475083600007
            ],
            [
              92.09320593300004,
              24.584461331000057
            ],
            [
              92.09411614700008,
              24.584350560000075
            ],
            [
              92.09449936600004,
              24.58481126500004
            ],
            [
              92.09607651500005,
              24.586089311000023
            ],
            [
              92.09787806200006,
              24.58795288700003
            ],
            [
              92.09921267800007,
              24.589160691000075
            ],
            [
              92.10072441700004,
              24.589728277000063
            ],
            [
              92.10282498000004,
              24.590214038000056
            ],
            [
              92.10454597400008,
              24.590459795000072
            ],
            [
              92.10750685800008,
              24.591056097000035
            ],
            [
              92.10687426000004,
              24.591727212000023
            ],
            [
              92.10836047200007,
              24.592368660000034
            ],
            [
              92.10963213200006,
              24.59301309800003
            ],
            [
              92.10913692900004,
              24.59387852100008
            ],
            [
              92.10820231300005,
              24.594136896000066
            ],
            [
              92.10711826600004,
              24.595084145000044
            ],
            [
              92.10479960500004,
              24.595999602000063
            ],
            [
              92.10499679100008,
              24.596560991000047
            ],
            [
              92.10566691500009,
              24.596527088000073
            ],
            [
              92.10732203300006,
              24.596037887000023
            ],
            [
              92.10862846300006,
              24.595553555000038
            ],
            [
              92.11013414600006,
              24.595753203000072
            ],
            [
              92.10993890700007,
              24.59690875900003
            ],
            [
              92.10923734500005,
              24.59826763600006
            ],
            [
              92.10937177300008,
              24.599884604000067
            ],
            [
              92.10870235800007,
              24.601561894000042
            ],
            [
              92.10832674300008,
              24.60316148100003
            ],
            [
              92.10748033300007,
              24.603884652000033
            ],
            [
              92.10559479300008,
              24.605039343000044
            ],
            [
              92.10436898700004,
              24.60714138000003
            ],
            [
              92.10208880000005,
              24.608767585000066
            ],
            [
              92.09972357500004,
              24.610125134000043
            ],
            [
              92.09791956900006,
              24.611352183000065
            ],
            [
              92.09650808600009,
              24.611985065000056
            ],
            [
              92.09570375000004,
              24.61202080100003
            ],
            [
              92.09418127000004,
              24.612434455000027
            ],
            [
              92.09309165500008,
              24.613062826000032
            ],
            [
              92.09315231600004,
              24.61339769700004
            ],
            [
              92.09404591900005,
              24.613168097000028
            ],
            [
              92.09622060500004,
              24.612712651000038
            ],
            [
              92.09828906500007,
              24.612324066000042
            ],
            [
              92.09966702600008,
              24.61129100900007
            ],
            [
              92.10193145800008,
              24.609787699000037
            ],
            [
              92.10409401000004,
              24.608612823000044
            ],
            [
              92.10593408800008,
              24.60740972800005
            ],
            [
              92.10898409000004,
              24.605829913000036
            ],
            [
              92.11086203700006,
              24.604757048000067
            ],
            [
              92.11093859400006,
              24.602924548000033
            ],
            [
              92.11129302300009,
              24.600597589000074
            ],
            [
              92.11157920900007,
              24.598467811000035
            ],
            [
              92.11184280100008,
              24.597123246000024
            ],
            [
              92.11325569700006,
              24.596056883000074
            ],
            [
              92.11421631200005,
              24.595749054000066
            ],
            [
              92.11442039800005,
              24.597250572000064
            ],
            [
              92.11557742300005,
              24.597986503000072
            ],
            [
              92.11671245400004,
              24.597414574000027
            ],
            [
              92.11731012100006,
              24.597811411000066
            ],
            [
              92.11743374400004,
              24.59776417000006
            ],
            [
              92.11898582500004,
              24.598592626000027
            ],
            [
              92.12126750700008,
              24.600261083000078
            ],
            [
              92.11976768500006,
              24.60041303400004
            ],
            [
              92.11928188400003,
              24.601302883000074
            ],
            [
              92.11958562000007,
              24.60234513000006
            ],
            [
              92.11998403900003,
              24.604759606000073
            ],
            [
              92.12237745300007,
              24.604562343000055
            ],
            [
              92.12210568900008,
              24.605416477000063
            ],
            [
              92.12144879100003,
              24.60676660000007
            ],
            [
              92.12114070100006,
              24.60758854100004
            ],
            [
              92.11961770400006,
              24.608493012000054
            ],
            [
              92.11786081800005,
              24.608256124000036
            ],
            [
              92.11798243300007,
              24.60910471400007
            ],
            [
              92.11826969900005,
              24.611291831000074
            ],
            [
              92.11855477400007,
              24.613348162000023
            ],
            [
              92.11786093300003,
              24.614633384000058
            ],
            [
              92.11855317400006,
              24.615375825000058
            ],
            [
              92.11907755000004,
              24.614648953000028
            ],
            [
              92.11990845400004,
              24.615127802000075
            ],
            [
              92.12116636000007,
              24.615469809000047
            ],
            [
              92.12072787400007,
              24.617045777000044
            ],
            [
              92.12078791700009,
              24.618483900000058
            ],
            [
              92.12095913200005,
              24.620149381000033
            ],
            [
              92.12106764600009,
              24.62233900700005
            ],
            [
              92.12156963100006,
              24.624523081000063
            ],
            [
              92.12256523400004,
              24.62627503400006
            ],
            [
              92.12311670200006,
              24.627150251000046
            ],
            [
              92.12316739200008,
              24.628032537000024
            ],
            [
              92.12256040100004,
              24.628106514000024
            ],
            [
              92.12274698900006,
              24.628561733000026
            ],
            [
              92.12267032400007,
              24.62949164400004
            ],
            [
              92.12347898100006,
              24.629532509000057
            ],
            [
              92.12310484600005,
              24.630682425000032
            ],
            [
              92.12313414000005,
              24.632415310000056
            ],
            [
              92.12208032800004,
              24.633574821000025
            ],
            [
              92.12175685900007,
              24.635607021000055
            ],
            [
              92.12297975800004,
              24.63598219900007
            ],
            [
              92.12361554100005,
              24.637608405000037
            ],
            [
              92.12511599400005,
              24.63958212400007
            ],
            [
              92.12422442000008,
              24.63975824700003
            ],
            [
              92.12373188400005,
              24.640255763000027
            ],
            [
              92.12355834400006,
              24.640294957000037
            ],
            [
              92.12353718500003,
              24.640309933000026
            ],
            [
              92.12323367000005,
              24.640438393000068
            ],
            [
              92.12297525600007,
              24.640555867000046
            ],
            [
              92.12267208900005,
              24.640705017000073
            ],
            [
              92.12241752100005,
              24.641050085000074
            ],
            [
              92.12199993600007,
              24.641128415000026
            ],
            [
              92.12152645400005,
              24.64124892500007
            ],
            [
              92.12111393800006,
              24.641627263000032
            ],
            [
              92.12091805700004,
              24.64209567300003
            ],
            [
              92.12095188300003,
              24.642757446000076
            ],
            [
              92.12084865200006,
              24.643348720000063
            ],
            [
              92.12034924100004,
              24.64394558400005
            ],
            [
              92.12041077200007,
              24.64490705000003
            ],
            [
              92.12043725500007,
              24.645134325000072
            ],
            [
              92.12057658600008,
              24.645339312000033
            ],
            [
              92.12052435700008,
              24.64559874100007
            ],
            [
              92.12040526000004,
              24.645921200000032
            ],
            [
              92.12033371200005,
              24.64637750600008
            ],
            [
              92.12011203800006,
              24.64666002100006
            ],
            [
              92.11991929300007,
              24.647314644000062
            ],
            [
              92.11978625200004,
              24.647482083000057
            ],
            [
              92.11955185700003,
              24.647681996000074
            ],
            [
              92.11910238500008,
              24.64788494100003
            ],
            [
              92.11891431500004,
              24.648146284000063
            ],
            [
              92.11886714900004,
              24.64870572500007
            ],
            [
              92.11877889300007,
              24.649514087000057
            ],
            [
              92.11885156300008,
              24.650465048000058
            ],
            [
              92.11942490300004,
              24.650891564000062
            ],
            [
              92.11989758900006,
              24.651391930000045
            ],
            [
              92.12038627600003,
              24.65149885900007
            ],
            [
              92.12069454100003,
              24.651649723000048
            ],
            [
              92.12098296500005,
              24.651966428000037
            ],
            [
              92.12119918000008,
              24.652504193000027
            ],
            [
              92.12112970100009,
              24.652492516000052
            ],
            [
              92.12116093600008,
              24.652558906000024
            ],
            [
              92.12122457500004,
              24.65275116400005
            ],
            [
              92.12128151700006,
              24.653440205000038
            ],
            [
              92.12133822500004,
              24.654115450000063
            ],
            [
              92.12113204300005,
              24.654421893000062
            ],
            [
              92.12129044400007,
              24.654861156000038
            ],
            [
              92.12171150700004,
              24.655655429000035
            ],
            [
              92.12236288100007,
              24.65578419600007
            ],
            [
              92.12250432800005,
              24.656113322000067
            ],
            [
              92.12266787100003,
              24.656856042000072
            ],
            [
              92.12307681200008,
              24.656933044000027
            ],
            [
              92.12386590900007,
              24.657170233000045
            ],
            [
              92.12372151600005,
              24.657575705000056
            ],
            [
              92.12326247900006,
              24.657941933000075
            ],
            [
              92.12172288100004,
              24.65789828000004
            ],
            [
              92.12073267900007,
              24.65859904100006
            ],
            [
              92.12076529400008,
              24.660528098000043
            ],
            [
              92.11984275900005,
              24.660998973000062
            ],
            [
              92.11942942300004,
              24.66195321300006
            ],
            [
              92.11857511900007,
              24.66222689500006
            ],
            [
              92.11834343400005,
              24.663342089000025
            ],
            [
              92.11795923500006,
              24.663903471000026
            ],
            [
              92.11725768000008,
              24.664367119000076
            ],
            [
              92.11700978400006,
              24.66499047700006
            ],
            [
              92.11633274700006,
              24.666226409000046
            ],
            [
              92.11519203300008,
              24.667027370000028
            ],
            [
              92.11444764700008,
              24.66745482600004
            ],
            [
              92.11432752500008,
              24.668290463000062
            ],
            [
              92.11511198900007,
              24.668647332000035
            ],
            [
              92.11566279000004,
              24.669473518000075
            ],
            [
              92.11584201900007,
              24.670550216000038
            ],
            [
              92.11605305700004,
              24.67192079700004
            ],
            [
              92.11602339100006,
              24.673343827000053
            ],
            [
              92.11567946900004,
              24.673643006000077
            ],
            [
              92.11480747800005,
              24.674464708000073
            ],
            [
              92.11457958900007,
              24.675277334000043
            ],
            [
              92.11480670600008,
              24.676009969000063
            ],
            [
              92.11425716800005,
              24.676851654000075
            ],
            [
              92.11384388400006,
              24.677814057000035
            ],
            [
              92.11421016000008,
              24.678839066000023
            ],
            [
              92.11389471300004,
              24.679235953000045
            ],
            [
              92.11293678200008,
              24.679739995000034
            ],
            [
              92.11213409100009,
              24.679898457000036
            ],
            [
              92.11140365200004,
              24.679565343000036
            ],
            [
              92.11047502100007,
              24.678621817000078
            ],
            [
              92.10954681600003,
              24.67770280600007
            ],
            [
              92.10880319300009,
              24.676584972000057
            ],
            [
              92.10773381400008,
              24.67525095800005
            ],
            [
              92.10703396100007,
              24.675138141000048
            ],
            [
              92.10631757300007,
              24.675638751000065
            ],
            [
              92.10525557600005,
              24.67634042700007
            ],
            [
              92.10470226400008,
              24.67696138200006
            ],
            [
              92.10414071300005,
              24.677091893000068
            ],
            [
              92.10286233400006,
              24.677698475000057
            ],
            [
              92.10247086100009,
              24.678366211000025
            ],
            [
              92.10219977000008,
              24.679009095000026
            ],
            [
              92.10247344700008,
              24.68109831000004
            ],
            [
              92.10296961500006,
              24.682225093000056
            ],
            [
              92.10323819400008,
              24.684009140000057
            ],
            [
              92.10461451000003,
              24.686388128000033
            ],
            [
              92.10517089400008,
              24.688255343000037
            ],
            [
              92.10566711900003,
              24.689382112000033
            ],
            [
              92.10523473000006,
              24.68921375900004
            ],
            [
              92.10274316500005,
              24.68863821800005
            ],
            [
              92.10116201900007,
              24.68776339200008
            ],
            [
              92.10058933200008,
              24.688433661000033
            ],
            [
              92.10057937900007,
              24.689040866000028
            ],
            [
              92.10119657100006,
              24.689823250000074
            ],
            [
              92.10168458100009,
              24.69130648600003
            ],
            [
              92.10131473800004,
              24.692065897000077
            ],
            [
              92.10070146200007,
              24.692718340000056
            ],
            [
              92.10053477600007,
              24.693585281000026
            ],
            [
              92.09947211500008,
              24.693857696000066
            ],
            [
              92.09932524400006,
              24.694705963000047
            ],
            [
              92.09931303700006,
              24.696380162000025
            ],
            [
              92.09941589400006,
              24.697574360000033
            ],
            [
              92.09982427400007,
              24.698047036000048
            ],
            [
              92.10107525700005,
              24.698195086000055
            ],
            [
              92.10193971400008,
              24.698109394000028
            ],
            [
              92.10180397100004,
              24.69961975800004
            ],
            [
              92.10242808100008,
              24.699611013000037
            ],
            [
              92.10244197900005,
              24.700438633000033
            ],
            [
              92.10310481400006,
              24.700337363000074
            ],
            [
              92.10285812200004,
              24.703633683000078
            ],
            [
              92.10259417400005,
              24.70470434300006
            ],
            [
              92.10169799200008,
              24.70650130200005
            ],
            [
              92.10158163900007,
              24.707037296000067
            ],
            [
              92.10200571900003,
              24.70740402000007
            ],
            [
              92.10208933900003,
              24.70766154100005
            ],
            [
              92.10203653500008,
              24.707889929000032
            ],
            [
              92.10148906400008,
              24.708342551000044
            ],
            [
              92.10093967800003,
              24.708681373000047
            ],
            [
              92.10060338900007,
              24.708893036000063
            ],
            [
              92.10017909800007,
              24.709261148000053
            ],
            [
              92.09996756000004,
              24.709481410000024
            ],
            [
              92.09998392000006,
              24.70978126400007
            ],
            [
              92.10016912200007,
              24.710016668000037
            ],
            [
              92.10025169900007,
              24.710212118000072
            ],
            [
              92.10012850600003,
              24.710296624000023
            ],
            [
              92.10004922800005,
              24.71029773400005
            ],
            [
              92.09982202200007,
              24.710259524000037
            ],
            [
              92.09958314400006,
              24.71020078300006
            ],
            [
              92.09924285700004,
              24.710174503000076
            ],
            [
              92.09900710200009,
              24.71030197500005
            ],
            [
              92.09885132000005,
              24.71046971800007
            ],
            [
              92.09870842500004,
              24.710730410000053
            ],
            [
              92.09866047200006,
              24.71124846500004
            ],
            [
              92.09859247000009,
              24.711922016000074
            ],
            [
              92.09854208700006,
              24.712295238000024
            ],
            [
              92.09820786600005,
              24.712631040000076
            ],
            [
              92.09815852300005,
              24.71306633300003
            ],
            [
              92.09824370200005,
              24.713416963000043
            ],
            [
              92.09852263600004,
              24.713837315000035
            ],
            [
              92.09910806700003,
              24.71429476800006
            ],
            [
              92.09963513500009,
              24.714649558000076
            ],
            [
              92.09975009100003,
              24.71542402400007
            ],
            [
              92.09981800800006,
              24.71609567200005
            ],
            [
              92.09982005100005,
              24.71689241400003
            ],
            [
              92.09985485900006,
              24.71761626400007
            ],
            [
              92.09987271400007,
              24.718223979000072
            ],
            [
              92.09998676200007,
              24.718719070000077
            ],
            [
              92.10024974500004,
              24.71908790200007
            ],
            [
              92.10058962800008,
              24.719538439000075
            ],
            [
              92.10105171900005,
              24.720070043000078
            ],
            [
              92.10137280000004,
              24.72030009100007
            ],
            [
              92.10191925100008,
              24.720457993000025
            ],
            [
              92.10246802200004,
              24.720753831000025
            ],
            [
              92.10262367900003,
              24.72102758500006
            ],
            [
              92.10255443000005,
              24.72140107200005
            ],
            [
              92.10221241500005,
              24.721723196000028
            ],
            [
              92.10205116000003,
              24.722015191000025
            ],
            [
              92.10213223400007,
              24.722345180000048
            ],
            [
              92.10254973200006,
              24.722918794000066
            ],
            [
              92.10281690600004,
              24.72353590700004
            ],
            [
              92.10262962100006,
              24.724076611000044
            ],
            [
              92.10234893700004,
              24.724453064000045
            ],
            [
              92.10224855200005,
              24.724771799000052
            ],
            [
              92.10243743500007,
              24.725224447000073
            ],
            [
              92.10270067200008,
              24.725607068000045
            ],
            [
              92.10331637400003,
              24.726288273000023
            ],
            [
              92.10370113400006,
              24.726710577000063
            ],
            [
              92.10376757800003,
              24.727068364000047
            ],
            [
              92.10362119200005,
              24.727346355000066
            ],
            [
              92.10348921300005,
              24.727582753000036
            ],
            [
              92.10354284200008,
              24.728376087000072
            ],
            [
              92.10356537100006,
              24.728817270000036
            ],
            [
              92.10343779900006,
              24.729315747000044
            ],
            [
              92.10294589500006,
              24.72970896100003
            ],
            [
              92.10218282800008,
              24.73014736700003
            ],
            [
              92.10194465600006,
              24.730357661000028
            ],
            [
              92.10190769500008,
              24.730854867000062
            ],
            [
              92.10205684300007,
              24.73163919600006
            ],
            [
              92.10215952400006,
              24.732355192000057
            ],
            [
              92.10219205500005,
              24.732859520000034
            ],
            [
              92.10174405400005,
              24.733169333000035
            ],
            [
              92.10122169100003,
              24.73354917200004
            ],
            [
              92.10068283100009,
              24.73384646100004
            ],
            [
              92.10003523100005,
              24.73396591200003
            ],
            [
              92.09936858800006,
              24.733851079000033
            ],
            [
              92.09895615800008,
              24.73358091700004
            ],
            [
              92.09851514400003,
              24.733407734000025
            ],
            [
              92.09802997900005,
              24.733304151000027
            ],
            [
              92.09751344900008,
              24.733132021000074
            ],
            [
              92.09732942900007,
              24.732969033000074
            ],
            [
              92.09718887000008,
              24.73269506300005
            ],
            [
              92.09653410000004,
              24.732386894000058
            ],
            [
              92.09590583900007,
              24.731857602000048
            ],
            [
              92.09559591000004,
              24.73139284100006
            ],
            [
              92.09531711500006,
              24.730982832000052
            ],
            [
              92.09478364600005,
              24.730700553000077
            ],
            [
              92.09405314400004,
              24.73037963400003
            ],
            [
              92.09318533200008,
              24.729977848000033
            ],
            [
              92.09230463000006,
              24.729457430000025
            ],
            [
              92.09108086600008,
              24.729082061000042
            ],
            [
              92.09018027300004,
              24.728692977000037
            ],
            [
              92.08904796800005,
              24.72843282200006
            ],
            [
              92.08840431600004,
              24.72828542600007
            ],
            [
              92.08734424800008,
              24.72807490200006
            ],
            [
              92.08504161000008,
              24.729255828000078
            ],
            [
              92.08162347800004,
              24.72881277500005
            ],
            [
              92.07976592700004,
              24.728544224000075
            ],
            [
              92.07802556400009,
              24.72886269600008
            ],
            [
              92.07775217300008,
              24.728572150000048
            ],
            [
              92.07678353300008,
              24.72846293200007
            ],
            [
              92.07595118000006,
              24.728474462000065
            ],
            [
              92.07571563600004,
              24.728845644000046
            ],
            [
              92.07561922700006,
              24.72950923600007
            ],
            [
              92.07509198800005,
              24.730105208000055
            ],
            [
              92.07488450900007,
              24.730549585000063
            ],
            [
              92.07442601500009,
              24.730433292000043
            ],
            [
              92.07308592800007,
              24.73059900000004
            ],
            [
              92.07212702800007,
              24.731078292000063
            ],
            [
              92.07097041600008,
              24.73097163700004
            ],
            [
              92.07047654400009,
              24.730340729000034
            ],
            [
              92.07043426300004,
              24.729409246000046
            ],
            [
              92.07007262200005,
              24.728653870000073
            ],
            [
              92.06873538400004,
              24.728991196000038
            ],
            [
              92.06831681000006,
              24.728040376000024
            ],
            [
              92.06827535700006,
              24.727157936000026
            ],
            [
              92.06902269200003,
              24.726877814000034
            ],
            [
              92.06934164400008,
              24.726677186000074
            ],
            [
              92.06946412400004,
              24.725964180000062
            ],
            [
              92.06883441100007,
              24.725237029000027
            ],
            [
              92.06888121300005,
              24.724819405000062
            ],
            [
              92.06936206800003,
              24.724665600000037
            ],
            [
              92.06924655600005,
              24.724176632000024
            ],
            [
              92.06932264000005,
              24.723905772000023
            ],
            [
              92.07028921200003,
              24.723892428000056
            ],
            [
              92.07041533900008,
              24.723400124000023
            ],
            [
              92.07126186500005,
              24.723337945000026
            ],
            [
              92.07135269300005,
              24.723297364000075
            ],
            [
              92.07144637100004,
              24.722872960000075
            ],
            [
              92.07112266000007,
              24.72278545100005
            ],
            [
              92.07046088900006,
              24.722960156000056
            ],
            [
              92.07003923400003,
              24.723039563000043
            ],
            [
              92.06923132900005,
              24.722903547000044
            ],
            [
              92.06850245100009,
              24.72267445600005
            ],
            [
              92.06795419800005,
              24.722406077000073
            ],
            [
              92.06730952000004,
              24.722396572000036
            ],
            [
              92.06699084400003,
              24.722383514000057
            ],
            [
              92.06688270300003,
              24.722516797000026
            ],
            [
              92.06673092900007,
              24.723083038000027
            ],
            [
              92.06767672800004,
              24.72343791800006
            ],
            [
              92.06712708300006,
              24.724303983000027
            ],
            [
              92.06677317700007,
              24.72401452400004
            ],
            [
              92.06621379900008,
              24.724292044000038
            ],
            [
              92.06604732500006,
              24.725594330000035
            ],
            [
              92.06640163800006,
              24.72590831200006
            ],
            [
              92.06604194800008,
              24.726894395000045
            ],
            [
              92.06491303700005,
              24.726836365000054
            ],
            [
              92.06465951900003,
              24.727747399000066
            ],
            [
              92.06388086400005,
              24.72775812100008
            ],
            [
              92.06337233100004,
              24.72786323500003
            ],
            [
              92.06327302300008,
              24.72835516500004
            ],
            [
              92.06184995700005,
              24.728374745000053
            ],
            [
              92.06178978700007,
              24.72798312200007
            ],
            [
              92.06184931200005,
              24.72670683800004
            ],
            [
              92.06141567000003,
              24.72646752000003
            ],
            [
              92.06148207100006,
              24.72560812000006
            ],
            [
              92.06271675200009,
              24.725566609000055
            ],
            [
              92.06280878000007,
              24.724633272000062
            ],
            [
              92.06162497700006,
              24.72450238600004
            ],
            [
              92.06223159700005,
              24.723831782000047
            ],
            [
              92.06248634000008,
              24.722994320000055
            ],
            [
              92.06265608500007,
              24.721888216000025
            ],
            [
              92.06264440500007,
              24.721179903000063
            ],
            [
              92.06256598700008,
              24.72116922400005
            ],
            [
              92.06277787900007,
              24.720368092000058
            ],
            [
              92.06271301000004,
              24.71918243400006
            ],
            [
              92.06237302900007,
              24.718718009000042
            ],
            [
              92.06170645600008,
              24.71839771300006
            ],
            [
              92.06169577600008,
              24.71838368600004
            ],
            [
              92.06126794800008,
              24.717657029000065
            ],
            [
              92.06119799400005,
              24.717078512000057
            ],
            [
              92.06151819000007,
              24.716342863000023
            ],
            [
              92.06182168900006,
              24.715510863000077
            ],
            [
              92.06201106200007,
              24.714169938000055
            ],
            [
              92.06205873800008,
              24.713396643000067
            ],
            [
              92.06239947800003,
              24.712991842000065
            ],
            [
              92.06227139200007,
              24.712552096000024
            ],
            [
              92.06243000500007,
              24.712094609000076
            ],
            [
              92.06286476000008,
              24.711895471000048
            ],
            [
              92.06329282700005,
              24.71220691600007
            ],
            [
              92.06396169300007,
              24.71154924800004
            ],
            [
              92.06363592300005,
              24.71102944000006
            ],
            [
              92.06338495000006,
              24.710644787000035
            ],
            [
              92.06353456000005,
              24.71047252900007
            ],
            [
              92.06370333900009,
              24.709715964000054
            ],
            [
              92.06351454500003,
              24.709258658000067
            ],
            [
              92.06309942100006,
              24.70851012600008
            ],
            [
              92.06246373300007,
              24.70781981400006
            ],
            [
              92.06199124800008,
              24.707256029000064
            ],
            [
              92.06147607600008,
              24.706545659000028
            ],
            [
              92.06067479300003,
              24.70558167100006
            ],
            [
              92.05989426100007,
              24.704654186000027
            ],
            [
              92.05850670300003,
              24.703551065000056
            ],
            [
              92.05796059800008,
              24.70313799400003
            ],
            [
              92.05758418700003,
              24.702397382000072
            ],
            [
              92.05732331600007,
              24.70122820100005
            ],
            [
              92.05704834200009,
              24.701038811000046
            ],
            [
              92.05624825700005,
              24.70084894100006
            ],
            [
              92.05622623600004,
              24.700804509000022
            ],
            [
              92.05557864600007,
              24.700611025000057
            ],
            [
              92.05489320700008,
              24.700565226000037
            ],
            [
              92.05404549400004,
              24.70044806100003
            ],
            [
              92.05337687100007,
              24.70019966500007
            ],
            [
              92.05264875500006,
              24.70000727100006
            ],
            [
              92.05182027600006,
              24.699834640000063
            ],
            [
              92.05160804000008,
              24.69981603100007
            ],
            [
              92.05155786500006,
              24.699924422000038
            ],
            [
              92.05162906800007,
              24.700241778000077
            ],
            [
              92.05187461700007,
              24.70029102600006
            ],
            [
              92.05277275500003,
              24.700720251000064
            ],
            [
              92.05385504100008,
              24.70132631100006
            ],
            [
              92.05476648100006,
              24.701644963000035
            ],
            [
              92.05519358700008,
              24.701901259000067
            ],
            [
              92.05528041100007,
              24.702589928000066
            ],
            [
              92.05630549500006,
              24.70338991500006
            ],
            [
              92.05667002700005,
              24.70443350200003
            ],
            [
              92.05708000700008,
              24.70456585200003
            ],
            [
              92.05780197400009,
              24.70530099700005
            ],
            [
              92.05838668300004,
              24.705955238000058
            ],
            [
              92.05880143300004,
              24.706377258000032
            ],
            [
              92.05932075700008,
              24.706728854000062
            ],
            [
              92.05988901800004,
              24.707300532000033
            ],
            [
              92.06010769400007,
              24.707739038000057
            ],
            [
              92.06035793600006,
              24.70825989100007
            ],
            [
              92.06073591300003,
              24.708282293000025
            ],
            [
              92.06127603000004,
              24.708978526000067
            ],
            [
              92.06212499400004,
              24.71008442300007
            ],
            [
              92.06176552200009,
              24.710268728000074
            ],
            [
              92.05975968000007,
              24.711372465000068
            ],
            [
              92.05895828300004,
              24.712238891000027
            ],
            [
              92.05861355100006,
              24.71331980100007
            ],
            [
              92.05873106400009,
              24.71403563900003
            ],
            [
              92.05914346600008,
              24.713395309000077
            ],
            [
              92.05949772900004,
              24.712893747000066
            ],
            [
              92.06027903200004,
              24.713559076000024
            ],
            [
              92.06046752000003,
              24.713997994000067
            ],
            [
              92.06023747900008,
              24.71470480800008
            ],
            [
              92.06050079500005,
              24.715101307000054
            ],
            [
              92.06035636400009,
              24.715503408000075
            ],
            [
              92.05998699700007,
              24.716005179000035
            ],
            [
              92.05968053200007,
              24.71665785400006
            ],
            [
              92.05958072300007,
              24.71701795000007
            ],
            [
              92.05976921400008,
              24.717456869000046
            ],
            [
              92.05918205200004,
              24.717575311000076
            ],
            [
              92.05917410600006,
              24.71709252000005
            ],
            [
              92.05897482900008,
              24.716915894000067
            ],
            [
              92.05822200000006,
              24.71706420000004
            ],
            [
              92.05816999000007,
              24.717575408000073
            ],
            [
              92.05860976400004,
              24.717679748000023
            ],
            [
              92.05875521700005,
              24.718257231000052
            ],
            [
              92.05885491100008,
              24.718807747000028
            ],
            [
              92.05872443900006,
              24.71914067000006
            ],
            [
              92.05839900000007,
              24.719559052000022
            ],
            [
              92.05840626400004,
              24.72000046100004
            ],
            [
              92.05809093000005,
              24.720115166000028
            ],
            [
              92.05812680900004,
              24.720459602000062
            ],
            [
              92.05856500500005,
              24.720467384000074
            ],
            [
              92.05885581000007,
              24.720697942000072
            ],
            [
              92.05852094100004,
              24.72146138200003
            ],
            [
              92.05869410600008,
              24.72188671500004
            ],
            [
              92.05870159900007,
              24.72234191700005
            ],
            [
              92.05883820400004,
              24.722381433000066
            ],
            [
              92.05891780400003,
              24.722628688000043
            ],
            [
              92.05914616000007,
              24.722735929000066
            ],
            [
              92.05912572000005,
              24.72332948600007
            ],
            [
              92.05850787100007,
              24.723420753000028
            ],
            [
              92.05855885500006,
              24.723764982000034
            ],
            [
              92.05884626200003,
              24.72378862900007
            ],
            [
              92.05885580000006,
              24.724367977000043
            ],
            [
              92.05903885100008,
              24.724475840000025
            ],
            [
              92.05903782900003,
              24.72533127500003
            ],
            [
              92.05905111600003,
              24.727055733000043
            ],
            [
              92.05925745300004,
              24.727659972000026
            ],
            [
              92.05891007800005,
              24.727664743000048
            ],
            [
              92.05900308400004,
              24.728725844000053
            ],
            [
              92.05798911500005,
              24.72861559300003
            ],
            [
              92.05741768400009,
              24.728775206000023
            ],
            [
              92.05695220200005,
              24.728947160000075
            ],
            [
              92.05633931400007,
              24.72934188800008
            ],
            [
              92.05523049900006,
              24.729895183000053
            ],
            [
              92.05421878800007,
              24.729922848000058
            ],
            [
              92.05379724800008,
              24.730011408000053
            ],
            [
              92.05353421900008,
              24.730553100000066
            ],
            [
              92.05309712000007,
              24.73061427600004
            ],
            [
              92.05279867000007,
              24.730839118000063
            ],
            [
              92.05220018400007,
              24.731192242000077
            ],
            [
              92.05094233200003,
              24.73187172200005
            ],
            [
              92.04935444000006,
              24.732693676000054
            ],
            [
              92.04840967300004,
              24.733120506000034
            ],
            [
              92.04832737300006,
              24.73270771600005
            ],
            [
              92.04828744600007,
              24.73211498300003
            ],
            [
              92.04803606800004,
              24.73152514000003
            ],
            [
              92.04771862800004,
              24.730591269000058
            ],
            [
              92.04654437700003,
              24.730841858000076
            ],
            [
              92.04646075400007,
              24.731270712000025
            ],
            [
              92.04627433900004,
              24.73188033400004
            ],
            [
              92.04621324600004,
              24.731839776000072
            ],
            [
              92.04569926400006,
              24.73181919700005
            ],
            [
              92.04504460700008,
              24.731510795000077
            ],
            [
              92.04461403000005,
              24.73104756500004
            ],
            [
              92.04424296900004,
              24.730528332000063
            ],
            [
              92.04404774200003,
              24.72967556900005
            ],
            [
              92.04451820900005,
              24.729807124000047
            ],
            [
              92.04493908100005,
              24.729677209000045
            ],
            [
              92.04520148300008,
              24.73001855800004
            ],
            [
              92.04583358000008,
              24.72987196100007
            ],
            [
              92.04594675400006,
              24.730325724000068
            ],
            [
              92.04650423500004,
              24.730235330000028
            ],
            [
              92.04657433500006,
              24.729903241000045
            ],
            [
              92.04703441600003,
              24.729400260000034
            ],
            [
              92.04735630500005,
              24.728761193000025
            ],
            [
              92.04792278200006,
              24.728298149000068
            ],
            [
              92.04792794500008,
              24.72769100200003
            ],
            [
              92.04833618700007,
              24.727713019000078
            ],
            [
              92.04893263600007,
              24.727235764000056
            ],
            [
              92.04908927800005,
              24.72665414200003
            ],
            [
              92.04906490800005,
              24.726088791000052
            ],
            [
              92.04902181800009,
              24.725302940000063
            ],
            [
              92.04972284500008,
              24.724755268000024
            ],
            [
              92.04966871900007,
              24.72421791800008
            ],
            [
              92.04910697200006,
              24.72404623400007
            ],
            [
              92.04890543700003,
              24.723731653000073
            ],
            [
              92.04897146100006,
              24.723151269000027
            ],
            [
              92.04923788700006,
              24.722816496000064
            ],
            [
              92.04903553800006,
              24.72242770400004
            ],
            [
              92.04811097200007,
              24.722741074000055
            ],
            [
              92.04756956900007,
              24.722478658000057
            ],
            [
              92.04720210800008,
              24.72299877100005
            ],
            [
              92.04716567000008,
              24.724053987000048
            ],
            [
              92.04763215200006,
              24.72466082400007
            ],
            [
              92.04767144800007,
              24.725420666000048
            ],
            [
              92.04657742500007,
              24.725852587000077
            ],
            [
              92.04704511500006,
              24.726532994000024
            ],
            [
              92.04776806100006,
              24.726400479000063
            ],
            [
              92.04761900600005,
              24.72713836500003
            ],
            [
              92.04717017900003,
              24.727610533000075
            ],
            [
              92.04653777000004,
              24.72671161900007
            ],
            [
              92.04573707800006,
              24.727016889000026
            ],
            [
              92.04411003400008,
              24.72770134900003
            ],
            [
              92.04367481500003,
              24.727363886000035
            ],
            [
              92.04292460600004,
              24.727472225000042
            ],
            [
              92.04270018800008,
              24.726886602000036
            ],
            [
              92.04233551400006,
              24.725934963000043
            ],
            [
              92.04161256300006,
              24.72606745300004
            ],
            [
              92.04051810800007,
              24.726474808000034
            ],
            [
              92.03929625000006,
              24.725657468000065
            ],
            [
              92.03938605400003,
              24.724576997000042
            ],
            [
              92.03944900800008,
              24.723496890000035
            ],
            [
              92.04104958000005,
              24.722837370000036
            ],
            [
              92.04227464400003,
              24.722207479000076
            ],
            [
              92.04249866800006,
              24.721125178000023
            ],
            [
              92.04234280100007,
              24.719802767000033
            ],
            [
              92.04188076700007,
              24.71946566300005
            ],
            [
              92.04048823200009,
              24.719705375000046
            ],
            [
              92.03914339300007,
              24.719576500000073
            ],
            [
              92.03913053600007,
              24.72043516900004
            ],
            [
              92.03956052000007,
              24.72045385000007
            ],
            [
              92.03954486600009,
              24.72114085800007
            ],
            [
              92.03852739700005,
              24.721326394000073
            ],
            [
              92.03842886600006,
              24.720223954000062
            ],
            [
              92.03790635000007,
              24.719470675000025
            ],
            [
              92.03859123000007,
              24.718651927000053
            ],
            [
              92.03812681400007,
              24.71816767100006
            ],
            [
              92.03789676200006,
              24.71888212300007
            ],
            [
              92.03682441200004,
              24.71899480700006
            ],
            [
              92.03668497800004,
              24.718677831000036
            ],
            [
              92.03662209800007,
              24.718114531000026
            ],
            [
              92.03733662400003,
              24.717467085000067
            ],
            [
              92.03718760800007,
              24.716561557000034
            ],
            [
              92.03724898500008,
              24.715383356000075
            ],
            [
              92.03707352400005,
              24.714502716000027
            ],
            [
              92.03581287600008,
              24.71459342000003
            ],
            [
              92.03586087200006,
              24.71589277700008
            ],
            [
              92.03591126500004,
              24.71733927200006
            ],
            [
              92.03621487500004,
              24.719493655000065
            ],
            [
              92.03530201400008,
              24.719506048000028
            ],
            [
              92.03533883800009,
              24.720118761000037
            ],
            [
              92.03600277300006,
              24.721311641000057
            ],
            [
              92.03596184700007,
              24.722097107000025
            ],
            [
              92.03616017300004,
              24.722732154000028
            ],
            [
              92.03736680400004,
              24.72261764800004
            ],
            [
              92.03761963500006,
              24.723301008000078
            ],
            [
              92.03689389600004,
              24.72326181300008
            ],
            [
              92.03642568100008,
              24.725843660000066
            ],
            [
              92.03581172000008,
              24.72607275400003
            ],
            [
              92.03520066000004,
              24.724830100000077
            ],
            [
              92.03475988800005,
              24.724149287000046
            ],
            [
              92.03372085100006,
              24.723010547000058
            ],
            [
              92.03421942800009,
              24.722292457000037
            ],
            [
              92.03431645600006,
              24.721653400000037
            ],
            [
              92.03339241500004,
              24.72097913700003
            ],
            [
              92.03305587500006,
              24.720100675000026
            ],
            [
              92.03286927600004,
              24.718533382000032
            ],
            [
              92.03293268600004,
              24.717477797000072
            ],
            [
              92.03239348300008,
              24.71569452500006
            ],
            [
              92.03176028000007,
              24.71638990400004
            ],
            [
              92.03226028000006,
              24.71741332600004
            ],
            [
              92.03133690900006,
              24.71843150600006
            ],
            [
              92.03048451800004,
              24.718860036000024
            ],
            [
              92.02946962900006,
              24.717549235000035
            ],
            [
              92.02837639300003,
              24.718030069000065
            ],
            [
              92.02895612400005,
              24.719003367000028
            ],
            [
              92.02941613600007,
              24.719217899000057
            ],
            [
              92.02990140500003,
              24.719333972000072
            ],
            [
              92.03051397500008,
              24.720674747000032
            ],
            [
              92.03114902700008,
              24.721745399000042
            ],
            [
              92.03148277000008,
              24.722452205000025
            ],
            [
              92.03044479500005,
              24.723030420000043
            ],
            [
              92.03018545300006,
              24.723598088000074
            ],
            [
              92.03064548400005,
              24.723812614000053
            ],
            [
              92.03123896800008,
              24.72397627400005
            ],
            [
              92.03137879400003,
              24.724317779000046
            ],
            [
              92.03079566100007,
              24.72479172000004
            ],
            [
              92.03096472700008,
              24.725280000000055
            ],
            [
              92.03133744200005,
              24.725078722000035
            ],
            [
              92.03171334300004,
              24.725073629000065
            ],
            [
              92.03207992800009,
              24.726147914000023
            ],
            [
              92.03228023500009,
              24.72690558000005
            ],
            [
              92.03226892900005,
              24.727862345000062
            ],
            [
              92.03152308500006,
              24.728240381000035
            ],
            [
              92.03098829600003,
              24.730038207000064
            ],
            [
              92.03045047600006,
              24.72999643600008
            ],
            [
              92.03008013300007,
              24.73034485100004
            ],
            [
              92.02908862600003,
              24.73048091800007
            ],
            [
              92.02822978200004,
              24.730517070000076
            ],
            [
              92.02794933600006,
              24.729785010000057
            ],
            [
              92.02733215700005,
              24.729817887000024
            ],
            [
              92.02727447800004,
              24.72957338200007
            ],
            [
              92.02671020600008,
              24.729556483000067
            ],
            [
              92.02569304000008,
              24.729766460000064
            ],
            [
              92.02422098800008,
              24.730080689000033
            ],
            [
              92.02386874500007,
              24.72988921600006
            ],
            [
              92.02292299800007,
              24.729534054000055
            ],
            [
              92.02243055300005,
              24.728976542000055
            ],
            [
              92.02142675400006,
              24.728352338000036
            ],
            [
              92.02120134800003,
              24.729361050000023
            ],
            [
              92.02069355400005,
              24.729515067000023
            ],
            [
              92.02067106200008,
              24.729785185000026
            ],
            [
              92.01959146400009,
              24.729456334000076
            ],
            [
              92.01918077500005,
              24.728971294000075
            ],
            [
              92.01921982400006,
              24.728063210000073
            ],
            [
              92.01835228100003,
              24.72755979300007
            ],
            [
              92.01853429900007,
              24.727189413000076
            ],
            [
              92.01903694100008,
              24.72671660000003
            ],
            [
              92.01878340700006,
              24.725984157000028
            ],
            [
              92.01793640100004,
              24.725088001000074
            ],
            [
              92.01713445000007,
              24.72531955000005
            ],
            [
              92.01664086100004,
              24.724688446000073
            ],
            [
              92.01700529500005,
              24.72397221400007
            ],
            [
              92.01638339300007,
              24.72371076400003
            ],
            [
              92.01566276400007,
              24.722322321000036
            ],
            [
              92.01500217100005,
              24.721325525000054
            ],
            [
              92.01414179900007,
              24.72126349900003
            ],
            [
              92.01324826300004,
              24.72080945500005
            ],
            [
              92.01315232200005,
              24.71985412500004
            ],
            [
              92.01267931200005,
              24.718830269000023
            ],
            [
              92.01288779200007,
              24.718435012000043
            ],
            [
              92.01273381900006,
              24.717210644000033
            ],
            [
              92.01211708700004,
              24.717267977000063
            ],
            [
              92.01096968500008,
              24.717724886000042
            ],
            [
              92.01125083000005,
              24.716838082000038
            ],
            [
              92.01096618200006,
              24.715836222000064
            ],
            [
              92.01039487700007,
              24.715377837000062
            ],
            [
              92.00865051900007,
              24.71545026800004
            ],
            [
              92.00941612500009,
              24.71463056300007
            ],
            [
              92.01023423700008,
              24.713736565000033
            ],
            [
              92.01040326000003,
              24.712556920000054
            ],
            [
              92.00997494000006,
              24.710968292000075
            ],
            [
              92.00921888000005,
              24.710708607000072
            ],
            [
              92.00899300100008,
              24.711692783000046
            ],
            [
              92.00869366300003,
              24.71311945900004
            ],
            [
              92.00817520200007,
              24.714279254000076
            ],
            [
              92.00700135600005,
              24.71476101500008
            ],
            [
              92.00658043500005,
              24.71530628000005
            ],
            [
              92.00617259700005,
              24.71499286200003
            ],
            [
              92.00517370400007,
              24.71466281900007
            ],
            [
              92.00444316800008,
              24.715997139000024
            ],
            [
              92.00339567800006,
              24.715986607000048
            ],
            [
              92.00339018000005,
              24.715643278000073
            ],
            [
              92.00358808300007,
              24.714585896000074
            ],
            [
              92.00336465700008,
              24.714049247000048
            ],
            [
              92.00156475300008,
              24.71473035300005
            ],
            [
              92.00155153200006,
              24.714858379000077
            ]
          ]
        ]
      },
      "properties": {
        "HAOR_NAME": "Hakaluki Haor",
        "HAOR_SYTM": "Hakaluki Haor",
        "AREA_SQKM": 173.02,
        "TYPE": "Foothill"
      }
    }
  ]
}